{
	"id": "f754a570-09fe-0787-863d-da0430c54e50",
	"name": "Nab velocity Wrapper API's",
	"description": "",
	"order": [
		"3d0e8709-5d79-86d7-80e5-c6bbe51f99e5",
		"c9501472-8552-8eac-50f1-30bdc0c23bb0",
		"3bbefdf6-61d5-bfc2-f149-68a3f529f49a",
		"f3b69a2c-4d37-f2c5-d99a-c662a3e2bf1d",
		"a9ea549d-6a7d-9c36-822e-c29b297b163c",
		"854545af-d84f-f9b2-1fcb-5f6686b16629",
		"23491b20-9ad1-a227-8ed4-5c537973d1be",
		"83b01ca4-b317-b535-5c99-aa3301c59eb9",
		"60f12da4-9e32-a3af-7739-c49e3650a0a1",
		"0953e96c-250c-f3f9-0b58-e6c3def1ad46",
		"07236a94-a919-8ce3-9ea3-4aa996f719dd"
	],
	"folders_order": [],
	"folders": [],
	"owner": 0,
	"hasRequests": true,
	"requests": [
		{
			"id": "07236a94-a919-8ce3-9ea3-4aa996f719dd",
			"name": "Recurring payment with authorization",
			"description": "",
			"collectionId": "f754a570-09fe-0787-863d-da0430c54e50",
			"method": "POST",
			"headers": "Content-Type: application/xml\nAuthorization: Basic aW5vdmlvX2FwaUBjaGV0dS5jb20sbFF0YklibjIwTURNV0NOU05McEQ6",
			"dataMode": "raw",
			"data": [],
			"rawModeData": "<AuthorizeTransaction xmlns:i=\"http://www.w3.org/2001/XMLSchema-instance\" xmlns=\"http://schemas.ipcommerce.com/CWS/v2.0/Transactions/Rest\" i:type=\"AuthorizeTransaction\">\r\n  <ApplicationProfileId>inovio_api@chetu.com</ApplicationProfileId>\r\n  <MerchantProfileId>lQtbIbn20MDMWCNSNLpD</MerchantProfileId>\r\n  <Transaction xmlns:bcp=\"http://schemas.ipcommerce.com/CWS/v2.0/Transactions/Bankcard\" xmlns:txn=\"http://schemas.ipcommerce.com/CWS/v2.0/Transactions\" i:type=\"bcp:BankcardTransaction\">\r\n    <bcp:TenderData>\r\n     <txn:PaymentAccountDataToken>11960350###14574429</txn:PaymentAccountDataToken>\r\n      <bcp:CardSecurityData>\r\n        <bcp:AVSData>\r\n          <bcp:Street>Alabama </bcp:Street>\r\n          <bcp:City>Alabama</bcp:City>\r\n          <bcp:StateProvince>AL</bcp:StateProvince>\r\n          <bcp:PostalCode>35007</bcp:PostalCode>\r\n          <bcp:CountryCode>US</bcp:CountryCode>\r\n        </bcp:AVSData>\r\n      </bcp:CardSecurityData>\r\n    </bcp:TenderData>\r\n    <bcp:TransactionData>\r\n      <txn:Amount>61.00</txn:Amount>\r\n      <txn:CurrencyCode>USD</txn:CurrencyCode>\r\n      <txn:Reference>xyz</txn:Reference>\r\n      <bcp:EmployeeId>11</bcp:EmployeeId>\r\n      <bcp:EntryMode>Keyed</bcp:EntryMode>\r\n      <bcp:IndustryType>Ecommerce</bcp:IndustryType>\r\n      <bcp:OrderNumber>442</bcp:OrderNumber>\r\n    </bcp:TransactionData>\r\n  </Transaction>\r\n</AuthorizeTransaction>",
			"url": "{{base_url}}authorize/22895/asasa",
			"responses": [],
			"pathVariableData": [],
			"queryParams": [],
			"headerData": [
				{
					"key": "Content-Type",
					"value": "application/xml"
				},
				{
					"key": "Authorization",
					"value": "Basic aW5vdmlvX2FwaUBjaGV0dS5jb20sbFF0YklibjIwTURNV0NOU05McEQ6"
				}
			],
			"collection_id": "f754a570-09fe-0787-863d-da0430c54e50"
		},
		{
			"id": "0953e96c-250c-f3f9-0b58-e6c3def1ad46",
			"headers": "Content-Type: application/xml\nAuthorization: Basic aW5vdmlvX2FwaUBjaGV0dS5jb20sbFF0YklibjIwTURNV0NOU05McEQ6\n",
			"headerData": [
				{
					"key": "Content-Type",
					"value": "application/xml",
					"description": "",
					"enabled": true
				},
				{
					"key": "Authorization",
					"value": "Basic aW5vdmlvX2FwaUBjaGV0dS5jb20sbFF0YklibjIwTURNV0NOU05McEQ6",
					"description": "",
					"enabled": true
				}
			],
			"url": "{{base_url}}undo/22895/asasa",
			"queryParams": [],
			"preRequestScript": null,
			"pathVariables": {},
			"pathVariableData": [],
			"method": "POST",
			"data": [],
			"dataMode": "raw",
			"tests": null,
			"currentHelper": "normal",
			"helperAttributes": {},
			"time": 1552657748099,
			"name": "Undo after authorization",
			"description": "",
			"collectionId": "f754a570-09fe-0787-863d-da0430c54e50",
			"responses": [],
			"rawModeData": "<Undo xmlns:i=\"http://www.w3.org/2001/XMLSchema-instance\" xmlns=\"http://schemas.ipcommerce.com/CWS/v2.0/Transactions/Rest\" i:type=\"Undo\">\r\n  <ApplicationProfileId>inovio_api@chetu.com</ApplicationProfileId>\r\n  <BatchIds xmlns:d2p1=\"http://schemas.microsoft.com/2003/10/Serialization/Arrays\" i:nil=\"true\"/>\r\n  <DifferenceData xmlns:d2p1=\"http://schemas.ipcommerce.com/CWS/v2.0/Transactions\" i:nil=\"true\"/>\r\n  <MerchantProfileId>lQtbIbn20MDMWCNSNLpD</MerchantProfileId>\r\n  <TransactionId>148178250</TransactionId>\r\n</Undo>"
		},
		{
			"id": "23491b20-9ad1-a227-8ed4-5c537973d1be",
			"headers": "Content-Type: application/xml\nAuthorization: Basic aW5vdmlvX2FwaUBjaGV0dS5jb20sbFF0YklibjIwTURNV0NOU05McEQsMjI4OTU6\n",
			"headerData": [
				{
					"key": "Content-Type",
					"value": "application/xml",
					"description": "",
					"enabled": true
				},
				{
					"key": "Authorization",
					"value": "Basic aW5vdmlvX2FwaUBjaGV0dS5jb20sbFF0YklibjIwTURNV0NOU05McEQsMjI4OTU6",
					"description": "",
					"enabled": true
				}
			],
			"url": "{{base_url}}capture/22895/asasa",
			"queryParams": [],
			"preRequestScript": null,
			"pathVariables": {},
			"pathVariableData": [],
			"method": "POST",
			"data": [],
			"dataMode": "raw",
			"tests": null,
			"currentHelper": "normal",
			"helperAttributes": {},
			"time": 1552474244183,
			"name": "Capture--5",
			"description": "",
			"collectionId": "f754a570-09fe-0787-863d-da0430c54e50",
			"responses": [],
			"rawModeData": "<?xml version=\"1.0\" encoding=\"UTF-8\"?>\r\n<ChangeTransaction xmlns=\"http://schemas.ipcommerce.com/CWS/v2.0/Transactions/Rest\" xmlns:i=\"http://www.w3.org/2001/XMLSchema-instance\" i:type=\"Capture\">\r\n    <ApplicationProfileId>inovio_api@chetu.com</ApplicationProfileId>\r\n  <DifferenceData xmlns:d2p1=\"http://schemas.ipcommerce.com/CWS/v2.0/Transactions\" xmlns:d2p2=\"http://schemas.ipcommerce.com/CWS/v2.0/Transactions/Bankcard\" xmlns:d2p3=\"http://schemas.ipcommerce.com/CWS/v2.0/TransactionProcessing\" i:type=\"d2p2:BankcardCapture\">\r\n    <d2p1:TransactionId>147279362</d2p1:TransactionId>\r\n    <d2p2:Amount>61</d2p2:Amount>\r\n  </DifferenceData>\r\n</ChangeTransaction>"
		},
		{
			"id": "3bbefdf6-61d5-bfc2-f149-68a3f529f49a",
			"headers": "Content-Type: application/xml\nAuthorization: Basic aW5vdmlvX2FwaUBjaGV0dS5jb20sbFF0YklibjIwTURNV0NOU05McEQsMjI4OTU6\n//Accept: application/xml\n",
			"headerData": [
				{
					"key": "Content-Type",
					"value": "application/xml",
					"description": "",
					"enabled": true
				},
				{
					"key": "Authorization",
					"value": "Basic aW5vdmlvX2FwaUBjaGV0dS5jb20sbFF0YklibjIwTURNV0NOU05McEQsMjI4OTU6",
					"description": "",
					"enabled": true
				},
				{
					"key": "Accept",
					"value": "application/xml",
					"description": "",
					"enabled": false
				}
			],
			"url": "{{base_url}}verify/22895/asasa",
			"queryParams": [],
			"preRequestScript": null,
			"pathVariables": {},
			"pathVariableData": [],
			"method": "POST",
			"data": [],
			"dataMode": "raw",
			"tests": null,
			"currentHelper": "normal",
			"helperAttributes": {},
			"time": 1553073923668,
			"name": "Generate-card-token--2",
			"description": "<AuthorizeTransaction xmlns:i=\"http://www.w3.org/2001/XMLSchema-instance\" xmlns=\"http://schemas.ipcommerce.com/CWS/v2.0/Transactions/Rest\" i:type=\"AuthorizeTransaction\">\r\n  <ApplicationProfileId>inovio_api@chetu.com</ApplicationProfileId>\r\n  <MerchantProfileId>lQtbIbn20MDMWCNSNLpD</MerchantProfileId>\r\n  <Transaction xmlns:bcp=\"http://schemas.ipcommerce.com/CWS/v2.0/Transactions/Bankcard\" xmlns:txn=\"http://schemas.ipcommerce.com/CWS/v2.0/Transactions\" i:type=\"bcp:BankcardTransaction\">\r\n    <bcp:TenderData>\r\n      <bcp:CardData>\r\n        <bcp:CardType>Visa</bcp:CardType>\r\n        <bcp:PAN>4111111111111111</bcp:PAN>\r\n        <bcp:Expire>0118</bcp:Expire>\r\n      </bcp:CardData>\r\n      <bcp:CardSecurityData>\r\n        <bcp:AVSData>\r\n          <bcp:Street>Alabama </bcp:Street>\r\n          <bcp:City>Alabama</bcp:City>\r\n          <bcp:StateProvince>AL</bcp:StateProvince>\r\n          <bcp:PostalCode>35007</bcp:PostalCode>\r\n          <bcp:CountryCode>US</bcp:CountryCode>\r\n        </bcp:AVSData>\r\n        <bcp:CVDataProvided>Provided</bcp:CVDataProvided>\r\n        <bcp:CVData>123</bcp:CVData>\r\n      </bcp:CardSecurityData>\r\n    </bcp:TenderData>\r\n    <bcp:TransactionData>\r\n      <txn:Amount>15.00</txn:Amount>\r\n      <txn:Reference>xyz</txn:Reference>\r\n      <bcp:EmployeeId>11</bcp:EmployeeId>\r\n      <bcp:EntryMode>Keyed</bcp:EntryMode>\r\n      <bcp:IndustryType>Ecommerce</bcp:IndustryType>\r\n    </bcp:TransactionData>\r\n  </Transaction>\r\n</AuthorizeTransaction>\r\n</xmp>",
			"collectionId": "f754a570-09fe-0787-863d-da0430c54e50",
			"responses": [],
			"rawModeData": "<AuthorizeTransaction xmlns:i=\"http://www.w3.org/2001/XMLSchema-instance\" xmlns=\"http://schemas.ipcommerce.com/CWS/v2.0/Transactions/Rest\" i:type=\"AuthorizeTransaction\">\r\n     <ApplicationProfileId>inovio_api@chetu.com</ApplicationProfileId>\r\n  <MerchantProfileId>lQtbIbn20MDMWCNSNLpD</MerchantProfileId>\r\n  <Transaction xmlns:bcp=\"http://schemas.ipcommerce.com/CWS/v2.0/Transactions/Bankcard\" xmlns:txn=\"http://schemas.ipcommerce.com/CWS/v2.0/Transactions\" i:type=\"bcp:BankcardTransaction\">\r\n    <bcp:TenderData>\r\n      <bcp:CardData>\r\n        <bcp:CardType>Visa</bcp:CardType>\r\n        <bcp:PAN>4111111111111111</bcp:PAN>\r\n        <bcp:Expire>0118</bcp:Expire>\r\n        <bcp:Cvv>123</bcp:Cvv>\r\n      </bcp:CardData>\r\n      <bcp:CardSecurityData>\r\n        <bcp:AVSData>\r\n          <bcp:Street>Alabama </bcp:Street>\r\n          <bcp:City>Alabama</bcp:City>\r\n          <bcp:StateProvince>AL</bcp:StateProvince>\r\n          <bcp:PostalCode>35007</bcp:PostalCode>\r\n          <bcp:CountryCode>US</bcp:CountryCode>\r\n        </bcp:AVSData>\r\n        <bcp:CVDataProvided>Provided</bcp:CVDataProvided>\r\n        <bcp:CVData>123</bcp:CVData>\r\n      </bcp:CardSecurityData>\r\n    </bcp:TenderData>\r\n    <bcp:TransactionData>\r\n      <txn:Amount>90.00</txn:Amount>\r\n      <txn:Reference>xyz</txn:Reference>\r\n      <bcp:EmployeeId>11</bcp:EmployeeId>\r\n      <bcp:EntryMode>Keyed</bcp:EntryMode>\r\n      <bcp:IndustryType>Ecommerce</bcp:IndustryType>\r\n    </bcp:TransactionData>\r\n  </Transaction>\r\n</AuthorizeTransaction>"
		},
		{
			"id": "3d0e8709-5d79-86d7-80e5-c6bbe51f99e5",
			"headers": "Content-Type: application/xml\nAuthorization: Basic aW5vdmlvX2FwaUBjaGV0dS5jb20sbFF0YklibjIwTURNV0NOU05McEQsMjI4OTU6\n",
			"headerData": [
				{
					"key": "Content-Type",
					"value": "application/xml",
					"description": "",
					"enabled": true
				},
				{
					"key": "Authorization",
					"value": "Basic aW5vdmlvX2FwaUBjaGV0dS5jb20sbFF0YklibjIwTURNV0NOU05McEQsMjI4OTU6",
					"description": "",
					"enabled": true
				}
			],
			"url": "{{base_url}}SvcInfo/token",
			"queryParams": [],
			"preRequestScript": null,
			"pathVariables": {},
			"pathVariableData": [],
			"method": "GET",
			"data": [],
			"dataMode": "raw",
			"tests": null,
			"currentHelper": "normal",
			"helperAttributes": {},
			"time": 1553073926280,
			"name": "Merchant Authentication --1",
			"description": "",
			"collectionId": "f754a570-09fe-0787-863d-da0430c54e50",
			"responses": [],
			"rawModeData": ""
		},
		{
			"id": "60f12da4-9e32-a3af-7739-c49e3650a0a1",
			"name": "Auth-and-capture-with-card-details",
			"description": "<AuthorizeTransaction xmlns:i=\"http://www.w3.org/2001/XMLSchema-instance\" xmlns=\"http://schemas.ipcommerce.com/CWS/v2.0/Transactions/Rest\" i:type=\"AuthorizeTransaction\">\r\n  <ApplicationProfileId>inovio_api@chetu.com</ApplicationProfileId>\r\n  <MerchantProfileId>lQtbIbn20MDMWCNSNLpD</MerchantProfileId>\r\n  <Transaction xmlns:bcp=\"http://schemas.ipcommerce.com/CWS/v2.0/Transactions/Bankcard\" xmlns:txn=\"http://schemas.ipcommerce.com/CWS/v2.0/Transactions\" i:type=\"bcp:BankcardTransaction\">\r\n    <bcp:TenderData>\r\n      <bcp:CardData>\r\n        <bcp:CardType>Visa</bcp:CardType>\r\n        <bcp:PAN>4111111111111111</bcp:PAN>\r\n        <bcp:Expire>0118</bcp:Expire>\r\n      </bcp:CardData>\r\n      <bcp:CardSecurityData>\r\n        <bcp:AVSData>\r\n          <bcp:Street>Alabama </bcp:Street>\r\n          <bcp:City>Alabama</bcp:City>\r\n          <bcp:StateProvince>AL</bcp:StateProvince>\r\n          <bcp:PostalCode>35007</bcp:PostalCode>\r\n          <bcp:CountryCode>US</bcp:CountryCode>\r\n        </bcp:AVSData>\r\n        <bcp:CVDataProvided>Provided</bcp:CVDataProvided>\r\n        <bcp:CVData>123</bcp:CVData>\r\n      </bcp:CardSecurityData>\r\n    </bcp:TenderData>\r\n    <bcp:TransactionData>\r\n      <txn:Amount>15.00</txn:Amount>\r\n      <txn:Reference>xyz</txn:Reference>\r\n      <bcp:EmployeeId>11</bcp:EmployeeId>\r\n      <bcp:EntryMode>Keyed</bcp:EntryMode>\r\n      <bcp:IndustryType>Ecommerce</bcp:IndustryType>\r\n    </bcp:TransactionData>\r\n  </Transaction>\r\n</AuthorizeTransaction>\r\n</xmp>",
			"collectionId": "f754a570-09fe-0787-863d-da0430c54e50",
			"method": "POST",
			"headers": "Content-Type: application/xml\nAuthorization: Basic aW5vdmlvX2FwaUBjaGV0dS5jb20sbFF0YklibjIwTURNV0NOU05McEQ6",
			"dataMode": "raw",
			"data": [],
			"rawModeData": "<AuthorizeAndCaptureTransaction xmlns:i=\"http://www.w3.org/2001/XMLSchema-instance\" xmlns=\"http://schemas.ipcommerce.com/CWS/v2.0/Transactions/Rest\" i:type=\"AuthorizeAndCaptureTransaction\">\r\n <ApplicationProfileId>inovio_api@chetu.com</ApplicationProfileId>\r\n  <MerchantProfileId>lQtbIbn20MDMWCNSNLpD</MerchantProfileId>\r\n  <Transaction xmlns:bcp=\"http://schemas.ipcommerce.com/CWS/v2.0/Transactions/Bankcard\" xmlns:txn=\"http://schemas.ipcommerce.com/CWS/v2.0/Transactions\" i:type=\"bcp:BankcardTransaction\">\r\n    <bcp:TenderData>\r\n      <bcp:CardData>\r\n        <bcp:CardType>Visa</bcp:CardType>\r\n        <bcp:PAN>4111111111111111</bcp:PAN>\r\n        <bcp:Expire>202020</bcp:Expire>\r\n        <bcp:Cvv>123</bcp:Cvv>\r\n      </bcp:CardData>\r\n      <bcp:CardSecurityData>\r\n        <bcp:AVSData>\r\n          <bcp:Street>Alabama </bcp:Street>\r\n          <bcp:City>Alabama</bcp:City>\r\n          <bcp:StateProvince>AL</bcp:StateProvince>\r\n          <bcp:PostalCode>35007</bcp:PostalCode>\r\n          <bcp:CountryCode>US</bcp:CountryCode>\r\n        </bcp:AVSData>\r\n        <bcp:CVDataProvided>Provided</bcp:CVDataProvided>\r\n        <bcp:CVData>123</bcp:CVData>\r\n      </bcp:CardSecurityData>\r\n    </bcp:TenderData>\r\n    <bcp:TransactionData>\r\n      <txn:Amount>90.00</txn:Amount>\r\n      <txn:CurrencyCode>USD</txn:CurrencyCode>\r\n      <txn:Reference>xyz</txn:Reference>\r\n      <bcp:EmployeeId>11</bcp:EmployeeId>\r\n      <bcp:EntryMode>Keyed</bcp:EntryMode>\r\n      <bcp:IndustryType>Ecommerce</bcp:IndustryType>\r\n      <bcp:OrderNumber>77</bcp:OrderNumber>\r\n    </bcp:TransactionData>\r\n  </Transaction>\r\n</AuthorizeAndCaptureTransaction>",
			"url": "{{base_url}}authorizeandcapture/22895/asasa",
			"responses": [],
			"pathVariableData": [],
			"queryParams": [],
			"headerData": [
				{
					"key": "Content-Type",
					"value": "application/xml"
				},
				{
					"key": "Authorization",
					"value": "Basic aW5vdmlvX2FwaUBjaGV0dS5jb20sbFF0YklibjIwTURNV0NOU05McEQ6"
				}
			],
			"collection_id": "f754a570-09fe-0787-863d-da0430c54e50"
		},
		{
			"id": "83b01ca4-b317-b535-5c99-aa3301c59eb9",
			"headers": "Content-Type: application/xml\nAuthorization: Basic aW5vdmlvX2FwaUBjaGV0dS5jb20sbFF0YklibjIwTURNV0NOU05McEQ6\n",
			"headerData": [
				{
					"key": "Content-Type",
					"value": "application/xml",
					"description": "",
					"enabled": true
				},
				{
					"key": "Authorization",
					"value": "Basic aW5vdmlvX2FwaUBjaGV0dS5jb20sbFF0YklibjIwTURNV0NOU05McEQ6",
					"description": "",
					"enabled": true
				}
			],
			"url": "{{base_url}}authorize/22895/h12121",
			"queryParams": [],
			"preRequestScript": null,
			"pathVariables": {},
			"pathVariableData": [],
			"method": "POST",
			"data": [],
			"dataMode": "raw",
			"tests": null,
			"currentHelper": "normal",
			"helperAttributes": {},
			"time": 1552568272759,
			"name": "authorization with credit card details",
			"description": "",
			"collectionId": "f754a570-09fe-0787-863d-da0430c54e50",
			"responses": [],
			"rawModeData": "<AuthorizeTransaction xmlns:i=\"http://www.w3.org/2001/XMLSchema-instance\" xmlns=\"http://schemas.ipcommerce.com/CWS/v2.0/Transactions/Rest\" i:type=\"AuthorizeTransaction\">\r\n  <ApplicationProfileId>inovio_api@chetu.com</ApplicationProfileId>\r\n  <MerchantProfileId>lQtbIbn20MDMWCNSNLpD</MerchantProfileId>\r\n  <Transaction xmlns:bcp=\"http://schemas.ipcommerce.com/CWS/v2.0/Transactions/Bankcard\" xmlns:txn=\"http://schemas.ipcommerce.com/CWS/v2.0/Transactions\" i:type=\"bcp:BankcardTransaction\">\r\n    <bcp:TenderData>\r\n    <bcp:CardData>\r\n        <bcp:CardType>Visa</bcp:CardType>\r\n        <bcp:PAN>4111111111111111</bcp:PAN>\r\n        <bcp:Expire>202020</bcp:Expire>\r\n        <bcp:Cvv>123</bcp:Cvv>\r\n      </bcp:CardData>\r\n      <bcp:CardSecurityData>\r\n        <bcp:AVSData>\r\n          <bcp:Street>Alabama </bcp:Street>\r\n          <bcp:City>Alabama</bcp:City>\r\n          <bcp:StateProvince>AL</bcp:StateProvince>\r\n          <bcp:PostalCode>35007</bcp:PostalCode>\r\n          <bcp:CountryCode>US</bcp:CountryCode>\r\n        </bcp:AVSData>\r\n      </bcp:CardSecurityData>\r\n    </bcp:TenderData>\r\n    <bcp:TransactionData>\r\n      <txn:Amount>61.00</txn:Amount>\r\n      <txn:CurrencyCode>USD</txn:CurrencyCode>\r\n      <txn:Reference>xyz</txn:Reference>\r\n      <bcp:EmployeeId>11</bcp:EmployeeId>\r\n      <bcp:EntryMode>Keyed</bcp:EntryMode>\r\n      <bcp:IndustryType>Ecommerce</bcp:IndustryType>\r\n      <bcp:OrderNumber>442</bcp:OrderNumber>\r\n    </bcp:TransactionData>\r\n  </Transaction>\r\n</AuthorizeTransaction>\r\n"
		},
		{
			"id": "854545af-d84f-f9b2-1fcb-5f6686b16629",
			"headers": "Content-Type: application/xml\nAuthorization: Basic aW5vdmlvX2FwaUBjaGV0dS5jb20sbFF0YklibjIwTURNV0NOU05McEQ6\n",
			"headerData": [
				{
					"key": "Content-Type",
					"value": "application/xml",
					"description": "",
					"enabled": true
				},
				{
					"key": "Authorization",
					"value": "Basic aW5vdmlvX2FwaUBjaGV0dS5jb20sbFF0YklibjIwTURNV0NOU05McEQ6",
					"description": "",
					"enabled": true
				}
			],
			"url": "{{base_url}}authorize/22895/h12121",
			"queryParams": [],
			"preRequestScript": null,
			"pathVariables": {},
			"pathVariableData": [],
			"method": "POST",
			"data": [],
			"dataMode": "raw",
			"tests": null,
			"currentHelper": "normal",
			"helperAttributes": {},
			"time": 1552916863988,
			"name": "Authorization by token id--4",
			"description": "<AuthorizeTransaction xmlns:i=\"http://www.w3.org/2001/XMLSchema-instance\" xmlns=\"http://schemas.ipcommerce.com/CWS/v2.0/Transactions/Rest\" i:type=\"AuthorizeTransaction\">\r\n  <ApplicationProfileId>inovio_api@chetu.com</ApplicationProfileId>\r\n  <MerchantProfileId>lQtbIbn20MDMWCNSNLpD</MerchantProfileId>\r\n  <Transaction xmlns:bcp=\"http://schemas.ipcommerce.com/CWS/v2.0/Transactions/Bankcard\" xmlns:txn=\"http://schemas.ipcommerce.com/CWS/v2.0/Transactions\" i:type=\"bcp:BankcardTransaction\">\r\n    <bcp:TenderData>\r\n      <bcp:CardData>\r\n        <bcp:CardType>Visa</bcp:CardType>\r\n        <bcp:PAN>4111111111111111</bcp:PAN>\r\n        <bcp:Expire>0118</bcp:Expire>\r\n      </bcp:CardData>\r\n      <bcp:CardSecurityData>\r\n        <bcp:AVSData>\r\n          <bcp:Street>Alabama </bcp:Street>\r\n          <bcp:City>Alabama</bcp:City>\r\n          <bcp:StateProvince>AL</bcp:StateProvince>\r\n          <bcp:PostalCode>35007</bcp:PostalCode>\r\n          <bcp:CountryCode>US</bcp:CountryCode>\r\n        </bcp:AVSData>\r\n        <bcp:CVDataProvided>Provided</bcp:CVDataProvided>\r\n        <bcp:CVData>123</bcp:CVData>\r\n      </bcp:CardSecurityData>\r\n    </bcp:TenderData>\r\n    <bcp:TransactionData>\r\n      <txn:Amount>15.00</txn:Amount>\r\n      <txn:Reference>xyz</txn:Reference>\r\n      <bcp:EmployeeId>11</bcp:EmployeeId>\r\n      <bcp:EntryMode>Keyed</bcp:EntryMode>\r\n      <bcp:IndustryType>Ecommerce</bcp:IndustryType>\r\n    </bcp:TransactionData>\r\n  </Transaction>\r\n</AuthorizeTransaction>\r\n</xmp>",
			"collectionId": "f754a570-09fe-0787-863d-da0430c54e50",
			"responses": [],
			"rawModeData": "<AuthorizeTransaction xmlns:i=\"http://www.w3.org/2001/XMLSchema-instance\" xmlns=\"http://schemas.ipcommerce.com/CWS/v2.0/Transactions/Rest\" i:type=\"AuthorizeTransaction\">\r\n    <ApplicationProfileId>inovio_api@chetu.com</ApplicationProfileId>\r\n  <MerchantProfileId>lQtbIbn20MDMWCNSNLpD</MerchantProfileId>\r\n  <Transaction xmlns:bcp=\"http://schemas.ipcommerce.com/CWS/v2.0/Transactions/Bankcard\" xmlns:txn=\"http://schemas.ipcommerce.com/CWS/v2.0/Transactions\" i:type=\"bcp:BankcardTransaction\">\r\n    <bcp:TenderData>\r\n      <txn:PaymentAccountDataToken>D5CB0C7054271A56B3C1A790FB399A089C1BC35D</txn:PaymentAccountDataToken>\r\n      <bcp:CardSecurityData>\r\n        <bcp:AVSData>\r\n          <bcp:Street>Alabama </bcp:Street>\r\n          <bcp:City>Alabama</bcp:City>\r\n          <bcp:StateProvince>AL</bcp:StateProvince>\r\n          <bcp:PostalCode>35007</bcp:PostalCode>\r\n          <bcp:CountryCode>US</bcp:CountryCode>\r\n        </bcp:AVSData>\r\n      </bcp:CardSecurityData>\r\n    </bcp:TenderData>\r\n    <bcp:TransactionData>\r\n      <txn:Amount>108.00</txn:Amount>\r\n      <txn:CurrencyCode>USD</txn:CurrencyCode>\r\n      <txn:Reference>xyz</txn:Reference>\r\n      <bcp:EmployeeId>11</bcp:EmployeeId>\r\n      <bcp:EntryMode>Keyed</bcp:EntryMode>\r\n      <bcp:IndustryType>Ecommerce</bcp:IndustryType>\r\n      <bcp:OrderNumber>79</bcp:OrderNumber>\r\n    </bcp:TransactionData>\r\n  </Transaction>\r\n</AuthorizeTransaction>"
		},
		{
			"id": "a9ea549d-6a7d-9c36-822e-c29b297b163c",
			"name": "Recurring payment with authAndAcpture",
			"description": "<AuthorizeTransaction xmlns:i=\"http://www.w3.org/2001/XMLSchema-instance\" xmlns=\"http://schemas.ipcommerce.com/CWS/v2.0/Transactions/Rest\" i:type=\"AuthorizeTransaction\">\r\n  <ApplicationProfileId>inovio_api@chetu.com</ApplicationProfileId>\r\n  <MerchantProfileId>lQtbIbn20MDMWCNSNLpD</MerchantProfileId>\r\n  <Transaction xmlns:bcp=\"http://schemas.ipcommerce.com/CWS/v2.0/Transactions/Bankcard\" xmlns:txn=\"http://schemas.ipcommerce.com/CWS/v2.0/Transactions\" i:type=\"bcp:BankcardTransaction\">\r\n    <bcp:TenderData>\r\n      <bcp:CardData>\r\n        <bcp:CardType>Visa</bcp:CardType>\r\n        <bcp:PAN>4111111111111111</bcp:PAN>\r\n        <bcp:Expire>0118</bcp:Expire>\r\n      </bcp:CardData>\r\n      <bcp:CardSecurityData>\r\n        <bcp:AVSData>\r\n          <bcp:Street>Alabama </bcp:Street>\r\n          <bcp:City>Alabama</bcp:City>\r\n          <bcp:StateProvince>AL</bcp:StateProvince>\r\n          <bcp:PostalCode>35007</bcp:PostalCode>\r\n          <bcp:CountryCode>US</bcp:CountryCode>\r\n        </bcp:AVSData>\r\n        <bcp:CVDataProvided>Provided</bcp:CVDataProvided>\r\n        <bcp:CVData>123</bcp:CVData>\r\n      </bcp:CardSecurityData>\r\n    </bcp:TenderData>\r\n    <bcp:TransactionData>\r\n      <txn:Amount>15.00</txn:Amount>\r\n      <txn:Reference>xyz</txn:Reference>\r\n      <bcp:EmployeeId>11</bcp:EmployeeId>\r\n      <bcp:EntryMode>Keyed</bcp:EntryMode>\r\n      <bcp:IndustryType>Ecommerce</bcp:IndustryType>\r\n    </bcp:TransactionData>\r\n  </Transaction>\r\n</AuthorizeTransaction>\r\n</xmp>",
			"collectionId": "f754a570-09fe-0787-863d-da0430c54e50",
			"method": "POST",
			"headers": "Content-Type: application/xml\nAuthorization: Basic aW5vdmlvX2FwaUBjaGV0dS5jb20sbFF0YklibjIwTURNV0NOU05McEQ6",
			"dataMode": "raw",
			"data": [],
			"rawModeData": "<AuthorizeAndCaptureTransaction xmlns:i=\"http://www.w3.org/2001/XMLSchema-instance\" xmlns=\"http://schemas.ipcommerce.com/CWS/v2.0/Transactions/Rest\" i:type=\"AuthorizeAndCaptureTransaction\">\r\n  <ApplicationProfileId>inovio_api@chetu.com</ApplicationProfileId>\r\n  <MerchantProfileId>lQtbIbn20MDMWCNSNLpD</MerchantProfileId>\r\n  <Transaction xmlns:bcp=\"http://schemas.ipcommerce.com/CWS/v2.0/Transactions/Bankcard\" xmlns:txn=\"http://schemas.ipcommerce.com/CWS/v2.0/Transactions\" i:type=\"bcp:BankcardTransaction\">\r\n    <bcp:TenderData>\r\n<txn:PaymentAccountDataToken>11336334###13523065</txn:PaymentAccountDataToken>\r\n      <bcp:CardSecurityData>\r\n        <bcp:AVSData>\r\n          <bcp:Street>Alabama </bcp:Street>\r\n          <bcp:City>Alabama</bcp:City>\r\n          <bcp:StateProvince>AL</bcp:StateProvince>\r\n          <bcp:PostalCode>35007</bcp:PostalCode>\r\n          <bcp:CountryCode>US</bcp:CountryCode>\r\n        </bcp:AVSData>\r\n      </bcp:CardSecurityData>\r\n    </bcp:TenderData>\r\n    <bcp:TransactionData>\r\n      <txn:Amount>61.00</txn:Amount>\r\n      <txn:CurrencyCode>USD</txn:CurrencyCode>\r\n      <txn:Reference>xyz</txn:Reference>\r\n      <bcp:EmployeeId>11</bcp:EmployeeId>\r\n      <bcp:EntryMode>Keyed</bcp:EntryMode>\r\n      <bcp:IndustryType>Ecommerce</bcp:IndustryType>\r\n      <bcp:OrderNumber>442</bcp:OrderNumber>\r\n    </bcp:TransactionData>\r\n  </Transaction>\r\n</AuthorizeAndCaptureTransaction>\r\n",
			"url": "{{base_url}}authorizeandcapture/22895/asasa",
			"responses": [],
			"pathVariableData": [],
			"queryParams": [],
			"headerData": [
				{
					"key": "Content-Type",
					"value": "application/xml"
				},
				{
					"key": "Authorization",
					"value": "Basic aW5vdmlvX2FwaUBjaGV0dS5jb20sbFF0YklibjIwTURNV0NOU05McEQ6"
				}
			],
			"collection_id": "f754a570-09fe-0787-863d-da0430c54e50"
		},
		{
			"id": "c9501472-8552-8eac-50f1-30bdc0c23bb0",
			"headers": "Content-Type: application/xml\nAuthorization: Basic aW5vdmlvX2FwaUBjaGV0dS5jb20sbFF0YklibjIwTURNV0NOU05McEQ6\n",
			"headerData": [
				{
					"key": "Content-Type",
					"value": "application/xml",
					"description": "",
					"enabled": true
				},
				{
					"key": "Authorization",
					"value": "Basic aW5vdmlvX2FwaUBjaGV0dS5jb20sbFF0YklibjIwTURNV0NOU05McEQ6",
					"description": "",
					"enabled": true
				}
			],
			"url": "{{base_url}}returnbyid/22895/asdad",
			"queryParams": [],
			"preRequestScript": null,
			"pathVariables": {},
			"pathVariableData": [],
			"method": "POST",
			"data": [],
			"dataMode": "raw",
			"tests": null,
			"currentHelper": "normal",
			"helperAttributes": {},
			"time": 1552918499389,
			"name": "Refund with transaction id--6",
			"description": "",
			"collectionId": "f754a570-09fe-0787-863d-da0430c54e50",
			"responses": [],
			"rawModeData": "<ReturnById xmlns:i=\"http://www.w3.org/2001/XMLSchema-instance\" xmlns=\"http://schemas.ipcommerce.com/CWS/v2.0/Transactions/Rest\" i:type=\"ReturnById\">\r\n  <ApplicationProfileId>inovio_api@chetu.com</ApplicationProfileId>\r\n  <MerchantProfileId>lQtbIbn20MDMWCNSNLpD</MerchantProfileId>\r\n  <BatchIds xmlns:d2p1=\"http://schemas.microsoft.com/2003/10/Serialization/Arrays\" i:nil=\"true\"/>\r\n  <DifferenceData xmlns:ns1=\"http://schemas.ipcommerce.com/CWS/v2.0/Transactions/Bankcard\" i:type=\"ns1:BankcardReturn\">\r\n    <ns2:TransactionId xmlns:ns2=\"http://schemas.ipcommerce.com/CWS/v2.0/Transactions\">149556146</ns2:TransactionId>\r\n  </DifferenceData>\r\n</ReturnById>"
		},
		{
			"id": "f3b69a2c-4d37-f2c5-d99a-c662a3e2bf1d",
			"headers": "Content-Type: application/xml\nAuthorization: Basic aW5vdmlvX2FwaUBjaGV0dS5jb20sbFF0YklibjIwTURNV0NOU05McEQ6\n",
			"headerData": [
				{
					"key": "Content-Type",
					"value": "application/xml",
					"description": "",
					"enabled": true
				},
				{
					"key": "Authorization",
					"value": "Basic aW5vdmlvX2FwaUBjaGV0dS5jb20sbFF0YklibjIwTURNV0NOU05McEQ6",
					"description": "",
					"enabled": true
				}
			],
			"url": "{{base_url}}authorizeandcapture/22895/asasa",
			"queryParams": [],
			"preRequestScript": null,
			"pathVariables": {},
			"pathVariableData": [],
			"method": "POST",
			"data": [],
			"dataMode": "raw",
			"tests": null,
			"currentHelper": "normal",
			"helperAttributes": {},
			"time": 1552918500980,
			"name": "Auth-and-capture-by-token--3",
			"description": "<AuthorizeTransaction xmlns:i=\"http://www.w3.org/2001/XMLSchema-instance\" xmlns=\"http://schemas.ipcommerce.com/CWS/v2.0/Transactions/Rest\" i:type=\"AuthorizeTransaction\">\r\n  <ApplicationProfileId>inovio_api@chetu.com</ApplicationProfileId>\r\n  <MerchantProfileId>lQtbIbn20MDMWCNSNLpD</MerchantProfileId>\r\n  <Transaction xmlns:bcp=\"http://schemas.ipcommerce.com/CWS/v2.0/Transactions/Bankcard\" xmlns:txn=\"http://schemas.ipcommerce.com/CWS/v2.0/Transactions\" i:type=\"bcp:BankcardTransaction\">\r\n    <bcp:TenderData>\r\n      <bcp:CardData>\r\n        <bcp:CardType>Visa</bcp:CardType>\r\n        <bcp:PAN>4111111111111111</bcp:PAN>\r\n        <bcp:Expire>0118</bcp:Expire>\r\n      </bcp:CardData>\r\n      <bcp:CardSecurityData>\r\n        <bcp:AVSData>\r\n          <bcp:Street>Alabama </bcp:Street>\r\n          <bcp:City>Alabama</bcp:City>\r\n          <bcp:StateProvince>AL</bcp:StateProvince>\r\n          <bcp:PostalCode>35007</bcp:PostalCode>\r\n          <bcp:CountryCode>US</bcp:CountryCode>\r\n        </bcp:AVSData>\r\n        <bcp:CVDataProvided>Provided</bcp:CVDataProvided>\r\n        <bcp:CVData>123</bcp:CVData>\r\n      </bcp:CardSecurityData>\r\n    </bcp:TenderData>\r\n    <bcp:TransactionData>\r\n      <txn:Amount>15.00</txn:Amount>\r\n      <txn:Reference>xyz</txn:Reference>\r\n      <bcp:EmployeeId>11</bcp:EmployeeId>\r\n      <bcp:EntryMode>Keyed</bcp:EntryMode>\r\n      <bcp:IndustryType>Ecommerce</bcp:IndustryType>\r\n    </bcp:TransactionData>\r\n  </Transaction>\r\n</AuthorizeTransaction>\r\n</xmp>",
			"collectionId": "f754a570-09fe-0787-863d-da0430c54e50",
			"responses": [],
			"rawModeData": "<AuthorizeAndCaptureTransaction xmlns:i=\"http://www.w3.org/2001/XMLSchema-instance\" xmlns=\"http://schemas.ipcommerce.com/CWS/v2.0/Transactions/Rest\" i:type=\"AuthorizeAndCaptureTransaction\">\r\n    <ApplicationProfileId>inovio_api@chetu.com</ApplicationProfileId>\r\n  <MerchantProfileId>lQtbIbn20MDMWCNSNLpD</MerchantProfileId>\r\n  <Transaction xmlns:bcp=\"http://schemas.ipcommerce.com/CWS/v2.0/Transactions/Bankcard\" xmlns:txn=\"http://schemas.ipcommerce.com/CWS/v2.0/Transactions\" i:type=\"bcp:BankcardTransaction\">\r\n    <bcp:TenderData>\r\n      <txn:PaymentAccountDataToken>70177024C7676EB3334C3A4C96E2FF1FC5CA236A</txn:PaymentAccountDataToken>\r\n      <bcp:CardSecurityData>\r\n        <bcp:AVSData>\r\n          <bcp:Street>Alabama </bcp:Street>\r\n          <bcp:City>Alabama</bcp:City>\r\n          <bcp:StateProvince>AL</bcp:StateProvince>\r\n          <bcp:PostalCode>35007</bcp:PostalCode>\r\n          <bcp:CountryCode>US</bcp:CountryCode>\r\n        </bcp:AVSData>\r\n      </bcp:CardSecurityData>\r\n    </bcp:TenderData>\r\n    <bcp:TransactionData>\r\n      <txn:Amount>90.00</txn:Amount>\r\n      <txn:CurrencyCode>USD</txn:CurrencyCode>\r\n      <txn:Reference>xyz</txn:Reference>\r\n      <bcp:EmployeeId>11</bcp:EmployeeId>\r\n      <bcp:EntryMode>Keyed</bcp:EntryMode>\r\n      <bcp:IndustryType>Ecommerce</bcp:IndustryType>\r\n      <bcp:OrderNumber>78</bcp:OrderNumber>\r\n    </bcp:TransactionData>\r\n  </Transaction>\r\n</AuthorizeAndCaptureTransaction>"
		}
	]
}